active_type,crashid,ownerservice,ownerservicedupe,victim,custom_classes,damageestimate,dronename,dronetype,formatted_date,mishapcountry,mishapdate,mishaplocation,mishapyear,narrative,abusegram,perpgram
dronename,48,Female 5-9,Female 5-9,girl between 7 and 8 years old,female-5-9 crash-id-48 united-states Family Member,Initial counseling was given.,Family Member,her parents,2015,United States,2015,Somewhere in Maldives,2015,girl between 7 and 8 years old,united states,her parents
dronename,75,Female 5-9,Female 5-9,girl between 4 and 5 years old,female-5-9 crash-id-75 suspected-sex-abuse Relative,Initial counseling was given.,Relative,her uncle,2015,Suspected sex abuse,2015,Somewhere in Maldives,2015,girl between 4 and 5 years old,suspected sex abuse,her uncle
dronename,76,Female 10-14,Female 10-14,girl between 9 and 10 years old,female-10-14 crash-id-76 suspected-sex-abuse Family Member,Initial counseling was given.,Family Member,her father,2015,Suspected sex abuse,2015,Somewhere in Maldives,2015,girl between 9 and 10 years old,suspected sex abuse,her father
dronename,81,Female 10-14,Female 10-14,girl between 9 and 10 years old,"female-10-14 crash-id-81 sexual-assault Known, but Unnamed",Initial counseling was given.,"Known, but Unnamed",her sister's boyfriend,2015,Sexual assault,2015,Somewhere in Maldives,2015,girl between 9 and 10 years old,sexual assault,her sister's boyfriend
dronename,82,Female 5-9,Female 5-9,girl between 8 and 9 years old,"female-5-9 crash-id-82 sexual-assault Known, but Unnamed",Initial counseling was given.,"Known, but Unnamed",someone she knows,2015,Sexual assault,2015,Somewhere in Maldives,2015,girl between 8 and 9 years old,sexual assault,someone she knows
dronename,84,Female 5-9,Female 5-9,girl between 5 and 6 years old,female-5-9 crash-id-84 sexual-assault Relative,Initial counseling was given.,Relative,her grandfather,2015,Sexual assault,2015,Somewhere in Maldives,2015,girl between 5 and 6 years old,sexual assault,her grandfather
dronename,85,Female 5-9,Female 5-9,girl between 5 and 6 years old,female-5-9 crash-id-85 sexual-assault Family Member,Initial counseling was given.,Family Member,her relative,2015,Sexual assault,2015,Somewhere in Maldives,2015,girl between 5 and 6 years old,sexual assault,her relative
dronename,127,Female 5-9,Female 5-9,girl between 8 and 9 years old,female-5-9 crash-id-127 sexual-assault Relative,Initial counseling was given.,Relative,her uncle,2015,Sexual assault,2015,Somewhere in Maldives,2015,girl between 8 and 9 years old,sexual assault,her uncle
dronename,156,Female 10-14,Female 10-14,girl between 13 and 14 years old,female-10-14 crash-id-156 rape Gang,Initial counseling was given.,Gang,a gang,2011,Rape,2011,Somewhere in Maldives,2011,girl between 13 and 14 years old,rape,a gang
dronename,157,Female 35+,Female 35+,woman between 35 and 36 years old,female-35+ crash-id-157 rape Gang,Initial counseling was given.,Gang,a gang,2011,Rape,2011,Somewhere in Maldives,2011,woman between 35 and 36 years old,rape,a gang
dronename,158,Female 15-19,Female 15-19,girl between 14 and 15 years old,female-15-19 crash-id-158 rape Gang,Initial counseling was given.,Gang,a gang,2011,Rape,2011,Somewhere in Maldives,2011,girl between 14 and 15 years old,rape,a gang
dronename,159,Female 15-19,Female 15-19,girl between 14 and 15 years old,female-15-19 crash-id-159 rape Gang,Initial counseling was given.,Gang,a gang,2012,Rape,2012,Somewhere in Maldives,2012,girl between 14 and 15 years old,rape,a gang
dronename,160,Female 15-19,Female 15-19,girl between 14 and 15 years old,female-15-19 crash-id-160 rape Gang,Initial counseling was given.,Gang,a gang,2012,Rape,2012,Somewhere in Maldives,2012,girl between 14 and 15 years old,rape,a gang
dronename,161,Female 20-24,Female 20-24,woman between 20 and 21 years old,female-20-24 crash-id-161 rape Gang,Initial counseling was given.,Gang,a gang,2012,Rape,2012,Somewhere in Maldives,2012,woman between 20 and 21 years old,rape,a gang
dronename,162,Female 15-19,Female 15-19,girl between 15 and 16 years old,female-15-19 crash-id-162 rape Gang,Initial counseling was given.,Gang,a gang,2012,Rape,2012,Somewhere in Maldives,2012,girl between 15 and 16 years old,rape,a gang
dronename,163,Female 10-14,Female 10-14,girl between 13 and 14 years old,female-10-14 crash-id-163 rape Gang,Initial counseling was given.,Gang,a gang,2013,Rape,2013,Somewhere in Maldives,2013,girl between 13 and 14 years old,rape,a gang
dronename,164,Female 25-29,Female 25-29,woman between 25 and 26 years old,female-25-29 crash-id-164 rape Gang,Initial counseling was given.,Gang,a gang,2013,Rape,2013,Somewhere in Maldives,2013,woman between 25 and 26 years old,rape,a gang
dronename,165,Female 15-19,Female 15-19,woman between 18 and 19 years old,female-15-19 crash-id-165 rape Gang,Initial counseling was given.,Gang,a gang,2014,Rape,2014,Somewhere in Maldives,2014,woman between 18 and 19 years old,rape,a gang
dronename,166,Female 15-19,Female 15-19,woman between 18 and 19 years old,female-15-19 crash-id-166 rape Gang,Initial counseling was given.,Gang,a gang,2014,Rape,2014,Somewhere in Maldives,2014,woman between 18 and 19 years old,rape,a gang
dronename,167,Female 25-29,Female 25-29,woman between 26 and 27 years old,female-25-29 crash-id-167 rape Gang,Initial counseling was given.,Gang,a gang,2015,Rape,2015,Somewhere in Maldives,2015,woman between 26 and 27 years old,rape,a gang
dronename,168,Female 15-19,Female 15-19,girl between 14 and 15 years old,female-15-19 crash-id-168 rape Gang,Initial counseling was given.,Gang,a gang,2015,Rape,2015,Somewhere in Maldives,2015,girl between 14 and 15 years old,rape,a gang
dronename,176,Female 0-4,Female 0-4,baby girl between 1 and 2 years old,female-0-4 crash-id-176 suspected-sex-abuse Family Member,Initial counseling was given.,Family Member,her father,2015,Suspected sex abuse,2015,Somewhere in Maldives,2015,baby girl between 1 and 2 years old,suspected sex abuse,her father
dronename,177,Female 5-9,Female 5-9,girl between 7 and 8 years old,"female-5-9 crash-id-177 suspected-sex-abuse Known, but Unnamed",Initial counseling was given.,"Known, but Unnamed",someone she knows,2015,Suspected sex abuse,2015,Somewhere in Maldives,2015,girl between 7 and 8 years old,suspected sex abuse,someone she knows
dronename,178,Female 10-14,Female 10-14,girl between 9 and 10 years old,female-10-14 crash-id-178 suspected-sex-abuse Family Member,Initial counseling was given.,Family Member,her relative,2015,Suspected sex abuse,2015,Somewhere in Maldives,2015,girl between 9 and 10 years old,suspected sex abuse,her relative
dronename,179,Female 5-9,Female 5-9,girl between 8 and 9 years old,female-5-9 crash-id-179 suspected-sex-abuse Family Member,Initial counseling was given.,Family Member,her relative,2015,Suspected sex abuse,2015,Somewhere in Maldives,2015,girl between 8 and 9 years old,suspected sex abuse,her relative
dronename,180,Female 0-4,Female 0-4,baby girl between 2 and 3 years old,female-0-4 crash-id-180 suspected-sex-abuse Family Member,Initial counseling was given.,Family Member,her relative,2015,Suspected sex abuse,2015,Somewhere in Maldives,2015,baby girl between 2 and 3 years old,suspected sex abuse,her relative
dronename,181,Female 0-4,Female 0-4,baby girl between 3 and 4 years old,female-0-4 crash-id-181 suspected-sex-abuse Relative,Initial counseling was given.,Relative,her step-uncle,2015,Suspected sex abuse,2015,Somewhere in Maldives,2015,baby girl between 3 and 4 years old,suspected sex abuse,her step-uncle
dronename,183,Female 0-4,Female 0-4,baby girl between 1 and 2 years old,female-0-4 crash-id-183 suspected-sex-abuse Family Member,Initial counseling was given.,Family Member,her father,2015,Suspected sex abuse,2015,Somewhere in Maldives,2015,baby girl between 1 and 2 years old,suspected sex abuse,her father
dronename,184,Female 5-9,Female 5-9,girl between 6 and 7 years old,"female-5-9 crash-id-184 suspected-sex-abuse Known, but Unnamed",Initial counseling was given.,"Known, but Unnamed",someone she knows,2015,Suspected sex abuse,2015,Somewhere in Maldives,2015,girl between 6 and 7 years old,suspected sex abuse,someone she knows
dronename,188,Female 5-9,Female 5-9,girl between 8 and 9 years old,female-5-9 crash-id-188 sexual-assault Not Stated,Initial counseling was given.,Not Stated,an unnamed person,2015,Sexual assault,2015,Somewhere in Maldives,2015,girl between 8 and 9 years old,sexual assault,an unnamed person
dronename,190,Female 0-4,Female 0-4,baby girl between 1 and 2 years old,female-0-4 crash-id-190 suspected-sex-abuse Relative,Initial counseling was given.,Relative,her brother-in-law,2015,Suspected sex abuse,2015,Somewhere in Maldives,2015,baby girl between 1 and 2 years old,suspected sex abuse,her brother-in-law
dronename,191,Female 5-9,Female 5-9,girl between 4 and 5 years old,female-5-9 crash-id-191 suspected-sex-abuse Not Stated,Initial counseling was given.,Not Stated,an unnamed person,2015,Suspected sex abuse,2015,Somewhere in Maldives,2015,girl between 4 and 5 years old,suspected sex abuse,an unnamed person
dronename,193,Female 5-9,Female 5-9,girl between 5 and 6 years old,female-5-9 crash-id-193 suspected-sex-abuse Relative,Initial counseling was given.,Relative,her cousin,2015,Suspected sex abuse,2015,Somewhere in Maldives,2015,girl between 5 and 6 years old,suspected sex abuse,her cousin
dronename,197,Female 5-9,Female 5-9,girl between 7 and 8 years old,female-5-9 crash-id-197 sexual-assault Family Member,Initial counseling was given.,Family Member,her relative,2015,Sexual assault,2015,Somewhere in Maldives,2015,girl between 7 and 8 years old,sexual assault,her relative
dronename,201,Female 5-9,Female 5-9,girl between 5 and 6 years old,female-5-9 crash-id-201 suspected-sex-abuse Relative,Initial counseling was given.,Relative,her cousin,2015,Suspected sex abuse,2015,Somewhere in Maldives,2015,girl between 5 and 6 years old,suspected sex abuse,her cousin
dronename,202,Female 0-4,Female 0-4,baby girl between 0 and 1 years old,female-0-4 crash-id-202 suspected-sex-abuse Teacher,Initial counseling was given.,Teacher,her teacher,2015,Suspected sex abuse,2015,Somewhere in Maldives,2015,baby girl between 0 and 1 years old,suspected sex abuse,her teacher
dronename,204,Female 0-4,Female 0-4,baby girl between 0 and 1 years old,female-0-4 crash-id-204 suspected-sex-abuse Relative,Initial counseling was given.,Relative,her uncle,2014,Suspected sex abuse,2014,Somewhere in Maldives,2014,baby girl between 0 and 1 years old,suspected sex abuse,her uncle
dronename,205,Female 0-4,Female 0-4,baby girl between 3 and 4 years old,female-0-4 crash-id-205 suspected-sex-abuse Family Member,Initial counseling was given.,Family Member,her relative,2014,Suspected sex abuse,2014,Somewhere in Maldives,2014,baby girl between 3 and 4 years old,suspected sex abuse,her relative
dronename,207,Female 0-4,Female 0-4,baby girl between 0 and 1 years old,female-0-4 crash-id-207 suspected-sex-abuse Family Member,Initial counseling was given.,Family Member,her father,2014,Suspected sex abuse,2014,Somewhere in Maldives,2014,baby girl between 0 and 1 years old,suspected sex abuse,her father
dronename,208,Female 5-9,Female 5-9,girl between 5 and 6 years old,female-5-9 crash-id-208 suspected-sex-abuse Family Member,Initial counseling was given.,Family Member,her brother,2014,Suspected sex abuse,2014,Somewhere in Maldives,2014,girl between 5 and 6 years old,suspected sex abuse,her brother
dronename,214,Female 0-4,Female 0-4,baby girl between 3 and 4 years old,female-0-4 crash-id-214 suspected-sex-abuse Foreigner,Initial counseling was given.,Foreigner,a foreign worker,2014,Suspected sex abuse,2014,Somewhere in Maldives,2014,baby girl between 3 and 4 years old,suspected sex abuse,a foreign worker
dronename,216,Female 5-9,Female 5-9,girl between 7 and 8 years old,female-5-9 crash-id-216 suspected-sex-abuse Family Member,Initial counseling was given.,Family Member,her father,2014,Suspected sex abuse,2014,Somewhere in Maldives,2014,girl between 7 and 8 years old,suspected sex abuse,her father
dronename,225,Female 0-4,Female 0-4,baby girl between 2 and 3 years old,female-0-4 crash-id-225 sexual-assault Relative,Initial counseling was given.,Relative,her uncle,2014,Sexual assault,2014,Somewhere in Maldives,2014,baby girl between 2 and 3 years old,sexual assault,her uncle
dronename,226,Female 0-4,Female 0-4,baby girl between 2 and 3 years old,female-0-4 crash-id-226 suspected-sex-abuse Relative,Initial counseling was given.,Relative,her grandfather,2014,Suspected sex abuse,2014,Somewhere in Maldives,2014,baby girl between 2 and 3 years old,suspected sex abuse,her grandfather
dronename,231,Female 5-9,Female 5-9,girl between 5 and 6 years old,female-5-9 crash-id-231 sexual-assault Family Member,Initial counseling was given.,Family Member,her father,2014,Sexual assault,2014,Somewhere in Maldives,2014,girl between 5 and 6 years old,sexual assault,her father
dronename,232,Female 5-9,Female 5-9,girl between 7 and 8 years old,female-5-9 crash-id-232 sexual-assault Family Member,Initial counseling was given.,Family Member,her sister and her frien,2014,Sexual assault,2014,Somewhere in Maldives,2014,girl between 7 and 8 years old,sexual assault,her sister and her frien
dronename,233,Female 0-4,Female 0-4,baby girl between 2 and 3 years old,female-0-4 crash-id-233 suspected-sex-abuse Family Member,Initial counseling was given.,Family Member,her father,2014,Suspected sex abuse,2014,Somewhere in Maldives,2014,baby girl between 2 and 3 years old,suspected sex abuse,her father
dronename,234,Female 0-4,Female 0-4,baby girl between 3 and 4 years old,female-0-4 crash-id-234 suspected-sex-abuse Family Member,Initial counseling was given.,Family Member,her father,2014,Suspected sex abuse,2014,Somewhere in Maldives,2014,baby girl between 3 and 4 years old,suspected sex abuse,her father
dronename,235,Female 0-4,Female 0-4,baby girl between 3 and 4 years old,female-0-4 crash-id-235 suspected-sex-abuse Relative,Initial counseling was given.,Relative,her stepfather,2014,Suspected sex abuse,2014,Somewhere in Maldives,2014,baby girl between 3 and 4 years old,suspected sex abuse,her stepfather
dronename,239,Female 0-4,Female 0-4,baby girl between 2 and 3 years old,female-0-4 crash-id-239 sexual-assault Family Member,Initial counseling was given.,Family Member,her father,2013,Sexual assault,2013,Somewhere in Maldives,2013,baby girl between 2 and 3 years old,sexual assault,her father
dronename,240,Female 5-9,Female 5-9,girl between 5 and 6 years old,"female-5-9 crash-id-240 sexual-assault Known, but Unnamed",Initial counseling was given.,"Known, but Unnamed",her mother's boyfriend,2013,Sexual assault,2013,Somewhere in Maldives,2013,girl between 5 and 6 years old,sexual assault,her mother's boyfriend
dronename,241,Female 10-14,Female 10-14,girl between 9 and 10 years old,female-10-14 crash-id-241 sexual-assault Relative,Initial counseling was given.,Relative,her stepfather,2013,Sexual assault,2013,Somewhere in Maldives,2013,girl between 9 and 10 years old,sexual assault,her stepfather
dronename,246,Female 5-9,Female 5-9,girl between 6 and 7 years old,"female-5-9 crash-id-246 suspected-sex-abuse Known, but Unnamed",Initial counseling was given.,"Known, but Unnamed",someone she knows,2013,Suspected sex abuse,2013,Somewhere in Maldives,2013,girl between 6 and 7 years old,suspected sex abuse,someone she knows
dronename,247,Female 0-4,Female 0-4,baby girl between 2 and 3 years old,"female-0-4 crash-id-247 suspected-sex-abuse Known, but Unnamed",Initial counseling was given.,"Known, but Unnamed",someone she knows,2013,Suspected sex abuse,2013,Somewhere in Maldives,2013,baby girl between 2 and 3 years old,suspected sex abuse,someone she knows
dronename,249,Female 5-9,Female 5-9,girl between 7 and 8 years old,"female-5-9 crash-id-249 suspected-sex-abuse Known, but Unnamed",Initial counseling was given.,"Known, but Unnamed",someone she knows,2013,Suspected sex abuse,2013,Somewhere in Maldives,2013,girl between 7 and 8 years old,suspected sex abuse,someone she knows
dronename,250,Female 10-14,Female 10-14,girl between 9 and 10 years old,female-10-14 crash-id-250 sexual-assault Relative,Initial counseling was given.,Relative,her cousin,2013,Sexual assault,2013,Somewhere in Maldives,2013,girl between 9 and 10 years old,sexual assault,her cousin
dronename,251,Female 0-4,Female 0-4,baby girl between 2 and 3 years old,female-0-4 crash-id-251 suspected-sex-abuse Not Stated,Initial counseling was given.,Not Stated,an unnamed person,2013,Suspected sex abuse,2013,Somewhere in Maldives,2013,baby girl between 2 and 3 years old,suspected sex abuse,an unnamed person
dronename,252,Female 0-4,Female 0-4,baby girl between 3 and 4 years old,female-0-4 crash-id-252 suspected-sex-abuse Not Stated,Initial counseling was given.,Not Stated,an unnamed person,2013,Suspected sex abuse,2013,Somewhere in Maldives,2013,baby girl between 3 and 4 years old,suspected sex abuse,an unnamed person
dronename,256,Female 0-4,Female 0-4,baby girl between 2 and 3 years old,female-0-4 crash-id-256 suspected-sex-abuse Relative,Initial counseling was given.,Relative,her brother-in-law,2013,Suspected sex abuse,2013,Somewhere in Maldives,2013,baby girl between 2 and 3 years old,suspected sex abuse,her brother-in-law
dronename,258,Female 5-9,Female 5-9,girl between 5 and 6 years old,"female-5-9 crash-id-258 sexual-assault Known, but Unnamed",Initial counseling was given.,"Known, but Unnamed",her neighbor,2013,Sexual assault,2013,Somewhere in Maldives,2013,girl between 5 and 6 years old,sexual assault,her neighbor
dronename,259,Female 0-4,Female 0-4,baby girl between 3 and 4 years old,female-0-4 crash-id-259 sexual-assault Relative,Initial counseling was given.,Relative,her grandfather,2013,Sexual assault,2013,Somewhere in Maldives,2013,baby girl between 3 and 4 years old,sexual assault,her grandfather
dronename,260,Female 0-4,Female 0-4,baby girl between 1 and 2 years old,"female-0-4 crash-id-260 sexual-assault Known, but Unnamed",Initial counseling was given.,"Known, but Unnamed",someone she knows,2013,Sexual assault,2013,Somewhere in Maldives,2013,baby girl between 1 and 2 years old,sexual assault,someone she knows
dronename,261,Female 5-9,Female 5-9,girl between 5 and 6 years old,female-5-9 crash-id-261 suspected-sex-abuse Not Stated,Initial counseling was given.,Not Stated,an unnamed person,2013,Suspected sex abuse,2013,Somewhere in Maldives,2013,girl between 5 and 6 years old,suspected sex abuse,an unnamed person
dronename,264,Female 5-9,Female 5-9,girl between 7 and 8 years old,female-5-9 crash-id-264 sexual-assault Relative,Initial counseling was given.,Relative,her grandfather,2013,Sexual assault,2013,Somewhere in Maldives,2013,girl between 7 and 8 years old,sexual assault,her grandfather
dronename,266,Female 5-9,Female 5-9,girl between 4 and 5 years old,female-5-9 crash-id-266 sexual-assault Relative,Initial counseling was given.,Relative,her stepfather,2013,Sexual assault,2013,Somewhere in Maldives,2013,girl between 4 and 5 years old,sexual assault,her stepfather
dronename,267,Female 0-4,Female 0-4,baby girl between 2 and 3 years old,female-0-4 crash-id-267 suspected-sex-abuse Relative,Initial counseling was given.,Relative,her cousin,2013,Suspected sex abuse,2013,Somewhere in Maldives,2013,baby girl between 2 and 3 years old,suspected sex abuse,her cousin
dronename,268,Female 5-9,Female 5-9,girl between 5 and 6 years old,"female-5-9 crash-id-268 suspected-sex-abuse Known, but Unnamed",Initial counseling was given.,"Known, but Unnamed",her neighbor,2013,Suspected sex abuse,2013,Somewhere in Maldives,2013,girl between 5 and 6 years old,suspected sex abuse,her neighbor
dronename,271,Female 5-9,Female 5-9,girl between 8 and 9 years old,"female-5-9 crash-id-271 sexual-assault Known, but Unnamed",Initial counseling was given.,"Known, but Unnamed",someone she knows,2013,Sexual assault,2013,Somewhere in Maldives,2013,girl between 8 and 9 years old,sexual assault,someone she knows
dronename,272,Female 0-4,Female 0-4,baby girl between 2 and 3 years old,female-0-4 crash-id-272 sexual-assault Family Member,Initial counseling was given.,Family Member,her father,2013,Sexual assault,2013,Somewhere in Maldives,2013,baby girl between 2 and 3 years old,sexual assault,her father
dronename,273,Female 5-9,Female 5-9,girl between 4 and 5 years old,female-5-9 crash-id-273 suspected-sex-abuse Family Member,Initial counseling was given.,Family Member,her father,2013,Suspected sex abuse,2013,Somewhere in Maldives,2013,girl between 4 and 5 years old,suspected sex abuse,her father
dronename,274,Female 10-14,Female 10-14,girl between 9 and 10 years old,female-10-14 crash-id-274 suspected-sex-abuse Relative,Initial counseling was given.,Relative,her stepfather,2013,Suspected sex abuse,2013,Somewhere in Maldives,2013,girl between 9 and 10 years old,suspected sex abuse,her stepfather
dronename,277,Female 5-9,Female 5-9,girl between 5 and 6 years old,"female-5-9 crash-id-277 sexual-assault Known, but Unnamed",Initial counseling was given.,"Known, but Unnamed",someone she knows,2012,Sexual assault,2012,Somewhere in Maldives,2012,girl between 5 and 6 years old,sexual assault,someone she knows
dronename,278,Female 0-4,Female 0-4,baby girl between 1 and 2 years old,female-0-4 crash-id-278 suspected-sex-abuse Family Member,Initial counseling was given.,Family Member,her father,2012,Suspected sex abuse,2012,Somewhere in Maldives,2012,baby girl between 1 and 2 years old,suspected sex abuse,her father
dronename,280,Female 0-4,Female 0-4,baby girl less than 1 year old,female-0-4 crash-id-280 sexual-assault Family Member,Initial counseling was given.,Family Member,her mother,2012,Sexual assault,2012,Somewhere in Maldives,2012,baby girl less than 1 year old,sexual assault,her mother
dronename,281,Female 0-4,Female 0-4,baby girl between 1 and 2 years old,"female-0-4 crash-id-281 sexual-assault Known, but Unnamed",Initial counseling was given.,"Known, but Unnamed",someone she knows,2012,Sexual assault,2012,Somewhere in Maldives,2012,baby girl between 1 and 2 years old,sexual assault,someone she knows
dronename,285,Female 0-4,Female 0-4,baby girl between 3 and 4 years old,"female-0-4 crash-id-285 sexual-assault Known, but Unnamed",Initial counseling was given.,"Known, but Unnamed",her mother's boyfriend,2012,Sexual assault,2012,Somewhere in Maldives,2012,baby girl between 3 and 4 years old,sexual assault,her mother's boyfriend
dronename,525,Female 5-9,Female 5-9,girl between 4 and 5 years old,female-5-9 crash-id-525 sexual-assault Relative,Initial counseling was given.,Relative,her uncle,2012,Sexual assault,2012,Somewhere in Maldives,2012,girl between 4 and 5 years old,sexual assault,her uncle
dronename,526,Female 0-4,Female 0-4,baby girl between 3 and 4 years old,female-0-4 crash-id-526 suspected-sex-abuse Relative,Initial counseling was given.,Relative,her cousin,2012,Suspected sex abuse,2012,Somewhere in Maldives,2012,baby girl between 3 and 4 years old,suspected sex abuse,her cousin
dronename,527,Female 5-9,Female 5-9,girl between 5 and 6 years old,"female-5-9 crash-id-527 suspected-sex-abuse Known, but Unnamed",Initial counseling was given.,"Known, but Unnamed",someone she knows,2012,Suspected sex abuse,2012,Somewhere in Maldives,2012,girl between 5 and 6 years old,suspected sex abuse,someone she knows
dronename,546,Female 5-9,Female 5-9,girl between 5 and 6 years old,"female-5-9 crash-id-546 suspected-sex-abuse Known, but Unnamed",Initial counseling was given.,"Known, but Unnamed",someone she knows,2012,Suspected sex abuse,2012,Somewhere in Maldives,2012,girl between 5 and 6 years old,suspected sex abuse,someone she knows
dronename,549,Female 5-9,Female 5-9,girl between 6 and 7 years old,"female-5-9 crash-id-549 suspected-sex-abuse Known, but Unnamed",Initial counseling was given.,"Known, but Unnamed",someone she knows,2012,Suspected sex abuse,2012,Somewhere in Maldives,2012,girl between 6 and 7 years old,suspected sex abuse,someone she knows
dronename,574,Female 0-4,Female 0-4,baby girl between 3 and 4 years old,female-0-4 crash-id-574 suspected-sex-abuse Relative,Initial counseling was given.,Relative,her cousin,2012,Suspected sex abuse,2012,Somewhere in Maldives,2012,baby girl between 3 and 4 years old,suspected sex abuse,her cousin
dronename,625,Female 5-9,Female 5-9,girl between 6 and 7 years old,female-5-9 crash-id-625 sexual-assault Family Member,Initial counseling was given.,Family Member,her brother,2012,Sexual assault,2012,Somewhere in Maldives,2012,girl between 6 and 7 years old,sexual assault,her brother
dronename,626,Female 10-14,Female 10-14,girl between 9 and 10 years old,female-10-14 crash-id-626 sexual-assault Family Member,Initial counseling was given.,Family Member,her brother,2012,Sexual assault,2012,Somewhere in Maldives,2012,girl between 9 and 10 years old,sexual assault,her brother
dronename,635,Female 5-9,Female 5-9,girl between 4 and 5 years old,female-5-9 crash-id-635 sexual-assault Relative,Initial counseling was given.,Relative,her uncle,2012,Sexual assault,2012,Somewhere in Maldives,2012,girl between 4 and 5 years old,sexual assault,her uncle
dronename,655,Female 0-4,Female 0-4,baby girl between 0 and 1 years old,female-0-4 crash-id-655 suspected-sex-abuse Family Member,Initial counseling was given.,Family Member,her father,2012,Suspected sex abuse,2012,Somewhere in Maldives,2012,baby girl between 0 and 1 years old,suspected sex abuse,her father
dronename,657,Female 0-4,Female 0-4,baby girl between 3 and 4 years old,female-0-4 crash-id-657 suspected-sex-abuse Relative,Initial counseling was given.,Relative,her brother-in-law,2012,Suspected sex abuse,2012,Somewhere in Maldives,2012,baby girl between 3 and 4 years old,suspected sex abuse,her brother-in-law
dronename,658,Female 0-4,Female 0-4,baby girl between 2 and 3 years old,female-0-4 crash-id-658 sexual-assault Foreigner,Initial counseling was given.,Foreigner,a foreign worker,2012,Sexual assault,2012,Somewhere in Maldives,2012,baby girl between 2 and 3 years old,sexual assault,a foreign worker
dronename,663,Female 0-4,Female 0-4,baby girl between 2 and 3 years old,female-0-4 crash-id-663 sexual-assault Relative,Initial counseling was given.,Relative,her grandfather,2012,Sexual assault,2012,Somewhere in Maldives,2012,baby girl between 2 and 3 years old,sexual assault,her grandfather
dronename,681,Female 0-4,Female 0-4,baby girl between 2 and 3 years old,female-0-4 crash-id-681 sexual-assault Relative,Initial counseling was given.,Relative,her brother-in-law,2011,Sexual assault,2011,Somewhere in Maldives,2011,baby girl between 2 and 3 years old,sexual assault,her brother-in-law
dronename,711,Female 5-9,Female 5-9,girl between 4 and 5 years old,"female-5-9 crash-id-711 suspected-sex-abuse Known, but Unnamed",Initial counseling was given.,"Known, but Unnamed",someone she knows,2011,Suspected sex abuse,2011,Somewhere in Maldives,2011,girl between 4 and 5 years old,suspected sex abuse,someone she knows
dronename,744,Female 0-4,Female 0-4,baby girl between 1 and 2 years old,female-0-4 crash-id-744 sexual-assault Family Member,Initial counseling was given.,Family Member,her father,2011,Sexual assault,2011,Somewhere in Maldives,2011,baby girl between 1 and 2 years old,sexual assault,her father
dronename,750,Female 0-4,Female 0-4,baby girl between 3 and 4 years old,female-0-4 crash-id-750 sexual-assault Relative,Initial counseling was given.,Relative,her brother-in-law,2011,Sexual assault,2011,Somewhere in Maldives,2011,baby girl between 3 and 4 years old,sexual assault,her brother-in-law
dronename,766,Female 10-14,Female 10-14,girl between 9 and 10 years old,female-10-14 crash-id-766 suspected-sex-abuse Family Member,Initial counseling was given.,Family Member,her father,2011,Suspected sex abuse,2011,Somewhere in Maldives,2011,girl between 9 and 10 years old,suspected sex abuse,her father
dronename,845,Female 0-4,Female 0-4,baby girl between 2 and 3 years old,"female-0-4 crash-id-845 sexual-assault Known, but Unnamed",Initial counseling was given.,"Known, but Unnamed",someone she knows,2011,Sexual assault,2011,Somewhere in Maldives,2011,baby girl between 2 and 3 years old,sexual assault,someone she knows
dronename,896,Female 15-19,Female 15-19,girl between 14 and 15 years old,"female-15-19 crash-id-896 rape Known, but Unnamed",Initial counseling was given.,"Known, but Unnamed",her friend,2011,Rape,2011,Somewhere in Maldives,2011,girl between 14 and 15 years old,rape,her friend
dronename,897,Female 15-19,Female 15-19,girl between 15 and 16 years old,"female-15-19 crash-id-897 rape Known, but Unnamed",Initial counseling was given.,"Known, but Unnamed",someone she knows,2011,Rape,2011,Somewhere in Maldives,2011,girl between 15 and 16 years old,rape,someone she knows
dronename,898,Female 30-34,Female 30-34,woman between 29 and 30 years old,female-30-34 crash-id-898 rape Unknown Stranger,Initial counseling was given.,Unknown Stranger,an unknown stranger,2011,Rape,2011,Somewhere in Maldives,2011,woman between 29 and 30 years old,rape,an unknown stranger
dronename,899,Female 15-19,Female 15-19,woman between 18 and 19 years old,"female-15-19 crash-id-899 rape Known, but Unnamed",Initial counseling was given.,"Known, but Unnamed",her friend,2011,Rape,2011,Somewhere in Maldives,2011,woman between 18 and 19 years old,rape,her friend
dronename,900,Female 15-19,Female 15-19,girl between 16 and 17 years old,female-15-19 crash-id-900 rape Gang,Initial counseling was given.,Gang,a gang,2012,Rape,2012,Somewhere in Maldives,2012,girl between 16 and 17 years old,rape,a gang
dronename,901,Female 15-19,Female 15-19,girl between 16 and 17 years old,"female-15-19 crash-id-901 rape Known, but Unnamed",Initial counseling was given.,"Known, but Unnamed",someone she knows,2012,Rape,2012,Somewhere in Maldives,2012,girl between 16 and 17 years old,rape,someone she knows
dronename,902,Female 20-24,Female 20-24,woman between 19 and 20 years old,"female-20-24 crash-id-902 rape Known, but Unnamed",Initial counseling was given.,"Known, but Unnamed",someone she knows,2012,Rape,2012,Somewhere in Maldives,2012,woman between 19 and 20 years old,rape,someone she knows
dronename,904,Female 35+,Female 35+,woman between 69 and 70 years old,female-35+ crash-id-904 rape Unknown Stranger,Initial counseling was given.,Unknown Stranger,an unknown stranger,2012,Rape,2012,Somewhere in Maldives,2012,woman between 69 and 70 years old,rape,an unknown stranger
dronename,905,Female 20-24,Female 20-24,woman between 23 and 24 years old,female-20-24 crash-id-905 rape Unknown Stranger,Initial counseling was given.,Unknown Stranger,an unknown stranger,2013,Rape,2013,Somewhere in Maldives,2013,woman between 23 and 24 years old,rape,an unknown stranger
dronename,906,Female 30-34,Female 30-34,woman between 31 and 32 years old,female-30-34 crash-id-906 rape Unknown Stranger,Initial counseling was given.,Unknown Stranger,an unknown stranger,2013,Rape,2013,Somewhere in Maldives,2013,woman between 31 and 32 years old,rape,an unknown stranger
dronename,907,Female 15-19,Female 15-19,woman between 18 and 19 years old,female-15-19 crash-id-907 rape Not Stated,Initial counseling was given.,Not Stated,an unnamed person,2013,Rape,2013,Somewhere in Maldives,2013,woman between 18 and 19 years old,rape,an unnamed person
dronename,908,Female 15-19,Female 15-19,girl between 14 and 15 years old,female-15-19 crash-id-908 rape Unknown Stranger,Initial counseling was given.,Unknown Stranger,an unknown stranger,2013,Rape,2013,Somewhere in Maldives,2013,girl between 14 and 15 years old,rape,an unknown stranger
dronename,909,Female 10-14,Female 10-14,girl between 11 and 12 years old,"female-10-14 crash-id-909 rape Known, but Unnamed",Initial counseling was given.,"Known, but Unnamed",someone she knows,2013,Rape,2013,Somewhere in Maldives,2013,girl between 11 and 12 years old,rape,someone she knows
dronename,910,Female 15-19,Female 15-19,girl between 14 and 15 years old,"female-15-19 crash-id-910 rape Known, but Unnamed",Initial counseling was given.,"Known, but Unnamed",someone she knows,2014,Rape,2014,Somewhere in Maldives,2014,girl between 14 and 15 years old,rape,someone she knows
dronename,911,Female 15-19,Female 15-19,girl between 16 and 17 years old,"female-15-19 crash-id-911 rape Known, but Unnamed",Initial counseling was given.,"Known, but Unnamed",someone she knows,2014,Rape,2014,Somewhere in Maldives,2014,girl between 16 and 17 years old,rape,someone she knows
dronename,912,Female 15-19,Female 15-19,woman between 18 and 19 years old,"female-15-19 crash-id-912 rape Known, but Unnamed",Initial counseling was given.,"Known, but Unnamed",someone she knows,2014,Rape,2014,Somewhere in Maldives,2014,woman between 18 and 19 years old,rape,someone she knows
dronename,913,Female 35+,Female 35+,woman between 48 and 49 years old,female-35+ crash-id-913 rape Unknown Stranger,Initial counseling was given.,Unknown Stranger,an unknown stranger,2014,Rape,2014,Somewhere in Maldives,2014,woman between 48 and 49 years old,rape,an unknown stranger
dronename,915,Female 15-19,Female 15-19,girl between 15 and 16 years old,female-15-19 crash-id-915 rape Unknown Stranger,Initial counseling was given.,Unknown Stranger,an unknown stranger,2014,Rape,2014,Somewhere in Maldives,2014,girl between 15 and 16 years old,rape,an unknown stranger
dronename,916,Female 20-24,Female 20-24,woman between 20 and 21 years old,"female-20-24 crash-id-916 rape Known, but Unnamed",Initial counseling was given.,"Known, but Unnamed",someone she knows,2014,Rape,2014,Somewhere in Maldives,2014,woman between 20 and 21 years old,rape,someone she knows
dronename,917,Female 15-19,Female 15-19,girl between 16 and 17 years old,"female-15-19 crash-id-917 rape Known, but Unnamed",Initial counseling was given.,"Known, but Unnamed",her friend,2015,Rape,2015,Somewhere in Maldives,2015,girl between 16 and 17 years old,rape,her friend
dronename,918,Female 20-24,Female 20-24,woman between 21 and 22 years old,"female-20-24 crash-id-918 rape Known, but Unnamed",Initial counseling was given.,"Known, but Unnamed",someone she knows,2015,Rape,2015,Somewhere in Maldives,2015,woman between 21 and 22 years old,rape,someone she knows
dronename,919,Female 20-24,Female 20-24,woman between 20 and 21 years old,female-20-24 crash-id-919 rape Unknown Stranger,Initial counseling was given.,Unknown Stranger,an unknown stranger,2015,Rape,2015,Somewhere in Maldives,2015,woman between 20 and 21 years old,rape,an unknown stranger
dronename,920,Female 20-24,Female 20-24,woman between 20 and 21 years old,female-20-24 crash-id-920 rape Boyfriend,Initial counseling was given.,Boyfriend,her boyfriend,2015,Rape,2015,Somewhere in Maldives,2015,woman between 20 and 21 years old,rape,her boyfriend
dronename,921,Female 25-29,Female 25-29,woman between 27 and 28 years old,"female-25-29 crash-id-921 rape Known, but Unnamed",Initial counseling was given.,"Known, but Unnamed",her colleague,2015,Rape,2015,Somewhere in Maldives,2015,woman between 27 and 28 years old,rape,her colleague
dronename,922,Female 15-19,Female 15-19,girl between 14 and 15 years old,female-15-19 crash-id-922 rape Boyfriend,Initial counseling was given.,Boyfriend,her boyfriend,2015,Rape,2015,Somewhere in Maldives,2015,girl between 14 and 15 years old,rape,her boyfriend
dronename,923,Female 30-34,Female 30-34,woman between 32 and 33 years old,"female-30-34 crash-id-923 rape Known, but Unnamed",Initial counseling was given.,"Known, but Unnamed",her friend,2015,Rape,2015,Somewhere in Maldives,2015,woman between 32 and 33 years old,rape,her friend
dronename,955,Female 5-9,Female 5-9,girl between 5 and 6 years old,"female-5-9 crash-id-955 sexual-assault Known, but Unnamed",Initial counseling was given.,"Known, but Unnamed",her mother's friend,2011,Sexual assault,2011,Somewhere in Maldives,2011,girl between 5 and 6 years old,sexual assault,her mother's friend
dronename,956,Female 0-4,Female 0-4,baby girl between 3 and 4 years old,female-0-4 crash-id-956 sexual-assault Foreigner,Initial counseling was given.,Foreigner,a foreign worker,2011,Sexual assault,2011,Somewhere in Maldives,2011,baby girl between 3 and 4 years old,sexual assault,a foreign worker
dronename,957,Female 5-9,Female 5-9,girl between 5 and 6 years old,female-5-9 crash-id-957 sexual-assault Teacher,Initial counseling was given.,Teacher,her Quran teacher,2011,Sexual assault,2011,Somewhere in Maldives,2011,girl between 5 and 6 years old,sexual assault,her Quran teacher
dronename,959,Female 5-9,Female 5-9,girl between 4 and 5 years old,female-5-9 crash-id-959 sexual-assault Relative,Initial counseling was given.,Relative,her uncle,2011,Sexual assault,2011,Somewhere in Maldives,2011,girl between 4 and 5 years old,sexual assault,her uncle
dronename,965,Female 0-4,Female 0-4,baby girl between 2 and 3 years old,female-0-4 crash-id-965 sexual-assault Teacher,Initial counseling was given.,Teacher,her Quran teacher,2011,Sexual assault,2011,Somewhere in Maldives,2011,baby girl between 2 and 3 years old,sexual assault,her Quran teacher
dronename,966,Female 5-9,Female 5-9,girl between 8 and 9 years old,female-5-9 crash-id-966 sexual-assault Relative,Initial counseling was given.,Relative,her stepfather,2011,Sexual assault,2011,Somewhere in Maldives,2011,girl between 8 and 9 years old,sexual assault,her stepfather
dronename,989,Female 5-9,Female 5-9,girl between 7 and 8 years old,female-5-9 crash-id-989 sexual-assault Relative,Initial counseling was given.,Relative,her stepfather,2011,Sexual assault,2011,Somewhere in Maldives,2011,girl between 7 and 8 years old,sexual assault,her stepfather
dronename,992,Female 0-4,Female 0-4,baby girl between 2 and 3 years old,female-0-4 crash-id-992 sexual-assault Relative,Initial counseling was given.,Relative,her stepfather,2011,Sexual assault,2011,Somewhere in Maldives,2011,baby girl between 2 and 3 years old,sexual assault,her stepfather
dronename,993,Female 0-4,Female 0-4,baby girl between 1 and 2 years old,female-0-4 crash-id-993 suspected-sex-abuse Foreigner,Initial counseling was given.,Foreigner,a foreign worker,2011,Suspected sex abuse,2011,Somewhere in Maldives,2011,baby girl between 1 and 2 years old,suspected sex abuse,a foreign worker
dronename,994,Female 0-4,Female 0-4,baby girl between 3 and 4 years old,female-0-4 crash-id-994 suspected-sex-abuse Family Member,Initial counseling was given.,Family Member,her mother,2011,Suspected sex abuse,2011,Somewhere in Maldives,2011,baby girl between 3 and 4 years old,suspected sex abuse,her mother
dronename,996,Female 5-9,Female 5-9,girl between 4 and 5 years old,female-5-9 crash-id-996 sexual-assault Relative,Initial counseling was given.,Relative,her cousin,2011,Sexual assault,2011,Somewhere in Maldives,2011,girl between 4 and 5 years old,sexual assault,her cousin
dronename,997,Female 5-9,Female 5-9,girl between 6 and 7 years old,"female-5-9 crash-id-997 suspected-sex-abuse Known, but Unnamed",Initial counseling was given.,"Known, but Unnamed",someone she knows,2011,Suspected sex abuse,2011,Somewhere in Maldives,2011,girl between 6 and 7 years old,suspected sex abuse,someone she knows
dronename,998,Female 5-9,Female 5-9,girl between 4 and 5 years old,female-5-9 crash-id-998 suspected-sex-abuse Relative,Initial counseling was given.,Relative,her cousin,2011,Suspected sex abuse,2011,Somewhere in Maldives,2011,girl between 4 and 5 years old,suspected sex abuse,her cousin
dronename,1014,Female 5-9,Female 5-9,girl between 6 and 7 years old,female-5-9 crash-id-1014 sexual-assault Relative,Initial counseling was given.,Relative,her stepfather,2011,Sexual assault,2011,Somewhere in Maldives,2011,girl between 6 and 7 years old,sexual assault,her stepfather
dronename,1018,Female 0-4,Female 0-4,baby girl between 1 and 2 years old,"female-0-4 crash-id-1018 sexual-assault Known, but Unnamed",Initial counseling was given.,"Known, but Unnamed",someone she knows,2011,Sexual assault,2011,Somewhere in Maldives,2011,baby girl between 1 and 2 years old,sexual assault,someone she knows
dronename,1041,Female 0-4,Female 0-4,baby girl between 1 and 2 years old,female-0-4 crash-id-1041 suspected-sex-abuse Family Member,Initial counseling was given.,Family Member,her father,2011,Suspected sex abuse,2011,Somewhere in Maldives,2011,baby girl between 1 and 2 years old,suspected sex abuse,her father
dronename,1129,Female 10-14,Female 10-14,girl between 11 and 12 years old,female-10-14 crash-id-1129 sexual-assault Unknown Stranger,Initial counseling was given.,Unknown Stranger,an unknown stranger,2011,Sexual assault,2011,Somewhere in Maldives,2011,girl between 11 and 12 years old,sexual assault,an unknown stranger
dronename,1130,Female 10-14,Female 10-14,girl between 11 and 12 years old,female-10-14 crash-id-1130 sexual-assault Unknown Stranger,Initial counseling was given.,Unknown Stranger,an unknown stranger,2011,Sexual assault,2011,Somewhere in Maldives,2011,girl between 11 and 12 years old,sexual assault,an unknown stranger
dronename,1132,Female 15-19,Female 15-19,girl between 14 and 15 years old,"female-15-19 crash-id-1132 sexual-assault Known, but Unnamed",Initial counseling was given.,"Known, but Unnamed",someone she knows,2011,Sexual assault,2011,Somewhere in Maldives,2011,girl between 14 and 15 years old,sexual assault,someone she knows
dronename,1133,Female 15-19,Female 15-19,girl between 16 and 17 years old,female-15-19 crash-id-1133 sexual-assault Boyfriend,Initial counseling was given.,Boyfriend,her boyfriend,2011,Sexual assault,2011,Somewhere in Maldives,2011,girl between 16 and 17 years old,sexual assault,her boyfriend
dronename,1135,Female 10-14,Female 10-14,girl between 13 and 14 years old,female-10-14 crash-id-1135 sexual-assault Relative,Initial counseling was given.,Relative,her brother-in-law,2011,Sexual assault,2011,Somewhere in Maldives,2011,girl between 13 and 14 years old,sexual assault,her brother-in-law
dronename,1139,Female 10-14,Female 10-14,girl between 13 and 14 years old,female-10-14 crash-id-1139 sexual-assault Boyfriend,Initial counseling was given.,Boyfriend,her boyfriend,2011,Sexual assault,2011,Somewhere in Maldives,2011,girl between 13 and 14 years old,sexual assault,her boyfriend
dronename,1141,Female 15-19,Female 15-19,girl between 15 and 16 years old,"female-15-19 crash-id-1141 sexual-assault Known, but Unnamed",Initial counseling was given.,"Known, but Unnamed",someone she knows,2011,Sexual assault,2011,Somewhere in Maldives,2011,girl between 15 and 16 years old,sexual assault,someone she knows
dronename,1142,Female 15-19,Female 15-19,girl between 15 and 16 years old,female-15-19 crash-id-1142 sexual-assault Family Member,Initial counseling was given.,Family Member,her father,2011,Sexual assault,2011,Somewhere in Maldives,2011,girl between 15 and 16 years old,sexual assault,her father
dronename,1143,Female 10-14,Female 10-14,girl between 12 and 13 years old,female-10-14 crash-id-1143 sexual-assault Foreigner,Initial counseling was given.,Foreigner,a foreign worker,2011,Sexual assault,2011,Somewhere in Maldives,2011,girl between 12 and 13 years old,sexual assault,a foreign worker
dronename,1144,Female 15-19,Female 15-19,girl between 16 and 17 years old,female-15-19 crash-id-1144 sexual-assault Unknown Stranger,Initial counseling was given.,Unknown Stranger,an unknown stranger,2011,Sexual assault,2011,Somewhere in Maldives,2011,girl between 16 and 17 years old,sexual assault,an unknown stranger
dronename,1146,Female 10-14,Female 10-14,girl between 10 and 11 years old,female-10-14 crash-id-1146 sexual-assault Family Member,Initial counseling was given.,Family Member,her father,2011,Sexual assault,2011,Somewhere in Maldives,2011,girl between 10 and 11 years old,sexual assault,her father
dronename,1147,Female 15-19,Female 15-19,girl between 14 and 15 years old,female-15-19 crash-id-1147 sexual-assault Boyfriend,Initial counseling was given.,Boyfriend,her boyfriend,2011,Sexual assault,2011,Somewhere in Maldives,2011,girl between 14 and 15 years old,sexual assault,her boyfriend
dronename,1149,Female 10-14,Female 10-14,girl between 13 and 14 years old,female-10-14 crash-id-1149 sexual-assault Relative,Initial counseling was given.,Relative,her cousin,2011,Sexual assault,2011,Somewhere in Maldives,2011,girl between 13 and 14 years old,sexual assault,her cousin
dronename,1151,Female 15-19,Female 15-19,girl between 14 and 15 years old,female-15-19 crash-id-1151 sexual-assault Teacher,Initial counseling was given.,Teacher,her Quran teacher,2011,Sexual assault,2011,Somewhere in Maldives,2011,girl between 14 and 15 years old,sexual assault,her Quran teacher
dronename,1152,Female 15-19,Female 15-19,girl between 15 and 16 years old,female-15-19 crash-id-1152 sexual-assault Family Member,Initial counseling was given.,Family Member,multiple people,2011,Sexual assault,2011,Somewhere in Maldives,2011,girl between 15 and 16 years old,sexual assault,multiple people
dronename,1153,Female 20-24,Female 20-24,woman between 21 and 22 years old,female-20-24 crash-id-1153 sexual-assault Family Member,Initial counseling was given.,Family Member,her mother,2011,Sexual assault,2011,Somewhere in Maldives,2011,woman between 21 and 22 years old,sexual assault,her mother
dronename,1154,Female 25-29,Female 25-29,woman between 26 and 27 years old,female-25-29 crash-id-1154 sexual-assault Relative,Initial counseling was given.,Relative,her cousin,2011,Sexual assault,2011,Somewhere in Maldives,2011,woman between 26 and 27 years old,sexual assault,her cousin
dronename,1156,Female 10-14,Female 10-14,girl between 11 and 12 years old,female-10-14 crash-id-1156 sexual-assault Family Member,Initial counseling was given.,Family Member,her father,2011,Sexual assault,2011,Somewhere in Maldives,2011,girl between 11 and 12 years old,sexual assault,her father
dronename,1157,Female 10-14,Female 10-14,girl between 13 and 14 years old,female-10-14 crash-id-1157 sexual-assault Relative,Initial counseling was given.,Relative,her uncle,2011,Sexual assault,2011,Somewhere in Maldives,2011,girl between 13 and 14 years old,sexual assault,her uncle
dronename,1160,Female 15-19,Female 15-19,girl between 14 and 15 years old,female-15-19 crash-id-1160 sexual-assault Family Member,Initial counseling was given.,Family Member,her father,2011,Sexual assault,2011,Somewhere in Maldives,2011,girl between 14 and 15 years old,sexual assault,her father
dronename,1162,Female 10-14,Female 10-14,girl between 11 and 12 years old,female-10-14 crash-id-1162 sexual-assault Gang,Initial counseling was given.,Gang,a gang,2011,Sexual assault,2011,Somewhere in Maldives,2011,girl between 11 and 12 years old,sexual assault,a gang
dronename,1167,Female 10-14,Female 10-14,girl between 13 and 14 years old,"female-10-14 crash-id-1167 sexual-assault Known, but Unnamed",Initial counseling was given.,"Known, but Unnamed",her mother's friend,2012,Sexual assault,2012,Somewhere in Maldives,2012,girl between 13 and 14 years old,sexual assault,her mother's friend
dronename,1168,Female 15-19,Female 15-19,girl between 15 and 16 years old,female-15-19 crash-id-1168 sexual-assault Boyfriend,Initial counseling was given.,Boyfriend,her boyfriend,2012,Sexual assault,2012,Somewhere in Maldives,2012,girl between 15 and 16 years old,sexual assault,her boyfriend
dronename,1169,Female 30-34,Female 30-34,woman between 32 and 33 years old,female-30-34 crash-id-1169 sexual-assault Gang,Initial counseling was given.,Gang,a gang,2012,Sexual assault,2012,Somewhere in Maldives,2012,woman between 32 and 33 years old,sexual assault,a gang
dronename,1172,Female 5-9,Female 5-9,girl between 5 and 6 years old,female-5-9 crash-id-1172 sexual-assault Unknown Stranger,Initial counseling was given.,Unknown Stranger,an unknown stranger,2012,Sexual assault,2012,Somewhere in Maldives,2012,girl between 5 and 6 years old,sexual assault,an unknown stranger
dronename,1173,Female 15-19,Female 15-19,girl between 16 and 17 years old,female-15-19 crash-id-1173 sexual-assault Relative,Initial counseling was given.,Relative,her stepfather,2012,Sexual assault,2012,Somewhere in Maldives,2012,girl between 16 and 17 years old,sexual assault,her stepfather
dronename,1175,Female 15-19,Female 15-19,girl between 15 and 16 years old,female-15-19 crash-id-1175 sexual-assault Boyfriend,Initial counseling was given.,Boyfriend,her boyfriend,2012,Sexual assault,2012,Somewhere in Maldives,2012,girl between 15 and 16 years old,sexual assault,her boyfriend
dronename,1176,Female 10-14,Female 10-14,girl between 13 and 14 years old,"female-10-14 crash-id-1176 sexual-assault Known, but Unnamed",Initial counseling was given.,"Known, but Unnamed",her friend,2012,Sexual assault,2012,Somewhere in Maldives,2012,girl between 13 and 14 years old,sexual assault,her friend
dronename,1177,Female 10-14,Female 10-14,girl between 12 and 13 years old,"female-10-14 crash-id-1177 sexual-assault Known, but Unnamed",Initial counseling was given.,"Known, but Unnamed",her friend,2012,Sexual assault,2012,Somewhere in Maldives,2012,girl between 12 and 13 years old,sexual assault,her friend
dronename,1178,Female 10-14,Female 10-14,girl between 11 and 12 years old,"female-10-14 crash-id-1178 sexual-assault Known, but Unnamed",Initial counseling was given.,"Known, but Unnamed",someone she knows,2012,Sexual assault,2012,Somewhere in Maldives,2012,girl between 11 and 12 years old,sexual assault,someone she knows
dronename,1179,Female 10-14,Female 10-14,girl between 10 and 11 years old,"female-10-14 crash-id-1179 sexual-assault Known, but Unnamed",Initial counseling was given.,"Known, but Unnamed",someone she knows,2012,Sexual assault,2012,Somewhere in Maldives,2012,girl between 10 and 11 years old,sexual assault,someone she knows
dronename,1181,Female 10-14,Female 10-14,girl between 13 and 14 years old,female-10-14 crash-id-1181 sexual-assault Family Member,Initial counseling was given.,Family Member,her father,2012,Sexual assault,2012,Somewhere in Maldives,2012,girl between 13 and 14 years old,sexual assault,her father
dronename,1182,Female 25-29,Female 25-29,woman between 28 and 29 years old,female-25-29 crash-id-1182 sexual-assault Foreigner,Initial counseling was given.,Foreigner,a foreign worker,2012,Sexual assault,2012,Somewhere in Maldives,2012,woman between 28 and 29 years old,sexual assault,a foreign worker
dronename,1183,Female 15-19,Female 15-19,girl between 16 and 17 years old,female-15-19 crash-id-1183 sexual-assault Relative,Initial counseling was given.,Relative,her cousin,2012,Sexual assault,2012,Somewhere in Maldives,2012,girl between 16 and 17 years old,sexual assault,her cousin
dronename,1185,Female 15-19,Female 15-19,girl between 15 and 16 years old,female-15-19 crash-id-1185 sexual-assault Family Member,Initial counseling was given.,Family Member,her father,2012,Sexual assault,2012,Somewhere in Maldives,2012,girl between 15 and 16 years old,sexual assault,her father
dronename,1186,Female 10-14,Female 10-14,girl between 12 and 13 years old,female-10-14 crash-id-1186 sexual-assault Boyfriend,Initial counseling was given.,Boyfriend,her boyfriend,2012,Sexual assault,2012,Somewhere in Maldives,2012,girl between 12 and 13 years old,sexual assault,her boyfriend
dronename,1187,Female 10-14,Female 10-14,girl between 12 and 13 years old,female-10-14 crash-id-1187 sexual-assault Relative,Initial counseling was given.,Relative,her uncle,2012,Sexual assault,2012,Somewhere in Maldives,2012,girl between 12 and 13 years old,sexual assault,her uncle
dronename,1188,Female 15-19,Female 15-19,girl between 16 and 17 years old,female-15-19 crash-id-1188 sexual-assault Relative,Initial counseling was given.,Relative,her stepfather,2012,Sexual assault,2012,Somewhere in Maldives,2012,girl between 16 and 17 years old,sexual assault,her stepfather
dronename,1191,Female 35+,Female 35+,woman between 75 and 76 years old,"female-35+ crash-id-1191 sexual-assault Known, but Unnamed",Initial counseling was given.,"Known, but Unnamed",someone she knows,2012,Sexual assault,2012,Somewhere in Maldives,2012,woman between 75 and 76 years old,sexual assault,someone she knows
dronename,1192,Female 15-19,Female 15-19,girl between 16 and 17 years old,female-15-19 crash-id-1192 sexual-assault Teacher,Initial counseling was given.,Teacher,her Quran teacher,2012,Sexual assault,2012,Somewhere in Maldives,2012,girl between 16 and 17 years old,sexual assault,her Quran teacher
dronename,1193,Female 10-14,Female 10-14,girl between 13 and 14 years old,female-10-14 crash-id-1193 sexual-assault Teacher,Initial counseling was given.,Teacher,her Quran teacher,2012,Sexual assault,2012,Somewhere in Maldives,2012,girl between 13 and 14 years old,sexual assault,her Quran teacher
dronename,1194,Female 15-19,Female 15-19,girl between 14 and 15 years old,female-15-19 crash-id-1194 sexual-assault Teacher,Initial counseling was given.,Teacher,her Quran teacher,2012,Sexual assault,2012,Somewhere in Maldives,2012,girl between 14 and 15 years old,sexual assault,her Quran teacher
dronename,1195,Female 15-19,Female 15-19,girl between 16 and 17 years old,female-15-19 crash-id-1195 sexual-assault Teacher,Initial counseling was given.,Teacher,her Quran teacher,2012,Sexual assault,2012,Somewhere in Maldives,2012,girl between 16 and 17 years old,sexual assault,her Quran teacher
dronename,1197,Female 15-19,Female 15-19,girl between 15 and 16 years old,"female-15-19 crash-id-1197 sexual-assault Known, but Unnamed",Initial counseling was given.,"Known, but Unnamed",someone she knows,2012,Sexual assault,2012,Somewhere in Maldives,2012,girl between 15 and 16 years old,sexual assault,someone she knows
dronename,1199,Female 10-14,Female 10-14,girl between 13 and 14 years old,female-10-14 crash-id-1199 sexual-assault Relative,Initial counseling was given.,Relative,her stepfather,2012,Sexual assault,2012,Somewhere in Maldives,2012,girl between 13 and 14 years old,sexual assault,her stepfather
dronename,1200,Female 10-14,Female 10-14,girl between 12 and 13 years old,"female-10-14 crash-id-1200 sexual-assault Known, but Unnamed",Initial counseling was given.,"Known, but Unnamed",her mother's friend,2012,Sexual assault,2012,Somewhere in Maldives,2012,girl between 12 and 13 years old,sexual assault,her mother's friend
dronename,1201,Female 10-14,Female 10-14,girl between 13 and 14 years old,female-10-14 crash-id-1201 sexual-assault Relative,Initial counseling was given.,Relative,her stepfather,2012,Sexual assault,2012,Somewhere in Maldives,2012,girl between 13 and 14 years old,sexual assault,her stepfather
dronename,1203,Female 10-14,Female 10-14,girl between 10 and 11 years old,female-10-14 crash-id-1203 sexual-assault Foreigner,Initial counseling was given.,Foreigner,a foreign worker,2013,Sexual assault,2013,Somewhere in Maldives,2013,girl between 10 and 11 years old,sexual assault,a foreign worker
dronename,1207,Female 15-19,Female 15-19,girl between 16 and 17 years old,"female-15-19 crash-id-1207 sexual-assault Known, but Unnamed",Initial counseling was given.,"Known, but Unnamed",her friend,2013,Sexual assault,2013,Somewhere in Maldives,2013,girl between 16 and 17 years old,sexual assault,her friend
dronename,1208,Female 10-14,Female 10-14,girl between 13 and 14 years old,female-10-14 crash-id-1208 sexual-assault Family Member,Initial counseling was given.,Family Member,her father,2013,Sexual assault,2013,Somewhere in Maldives,2013,girl between 13 and 14 years old,sexual assault,her father
dronename,1210,Female 15-19,Female 15-19,woman between 18 and 19 years old,female-15-19 crash-id-1210 sexual-assault Relative,Initial counseling was given.,Relative,her uncle,2013,Sexual assault,2013,Somewhere in Maldives,2013,woman between 18 and 19 years old,sexual assault,her uncle
dronename,1211,Female 20-24,Female 20-24,woman between 23 and 24 years old,"female-20-24 crash-id-1211 sexual-assault Known, but Unnamed",Initial counseling was given.,"Known, but Unnamed",her friend,2013,Sexual assault,2013,Somewhere in Maldives,2013,woman between 23 and 24 years old,sexual assault,her friend
dronename,1213,Female 15-19,Female 15-19,girl between 16 and 17 years old,female-15-19 crash-id-1213 sexual-assault Boyfriend,Initial counseling was given.,Boyfriend,her boyfriend,2013,Sexual assault,2013,Somewhere in Maldives,2013,girl between 16 and 17 years old,sexual assault,her boyfriend
dronename,1214,Female 15-19,Female 15-19,girl between 16 and 17 years old,female-15-19 crash-id-1214 sexual-assault Relative,Initial counseling was given.,Relative,her cousin,2013,Sexual assault,2013,Somewhere in Maldives,2013,girl between 16 and 17 years old,sexual assault,her cousin
dronename,1216,Female 10-14,Female 10-14,girl between 12 and 13 years old,female-10-14 crash-id-1216 sexual-assault Foreigner,Initial counseling was given.,Foreigner,a foreign worker,2013,Sexual assault,2013,Somewhere in Maldives,2013,girl between 12 and 13 years old,sexual assault,a foreign worker
dronename,1217,Female 15-19,Female 15-19,girl between 15 and 16 years old,female-15-19 crash-id-1217 sexual-assault Relative,Initial counseling was given.,Relative,her brother-in-law,2013,Sexual assault,2013,Somewhere in Maldives,2013,girl between 15 and 16 years old,sexual assault,her brother-in-law
dronename,1218,Female 15-19,Female 15-19,girl between 14 and 15 years old,female-15-19 crash-id-1218 sexual-assault Relative,Initial counseling was given.,Relative,her stepfather,2013,Sexual assault,2013,Somewhere in Maldives,2013,girl between 14 and 15 years old,sexual assault,her stepfather
dronename,1219,Female 15-19,Female 15-19,girl between 14 and 15 years old,female-15-19 crash-id-1219 sexual-assault Relative,Initial counseling was given.,Relative,her stepfather,2013,Sexual assault,2013,Somewhere in Maldives,2013,girl between 14 and 15 years old,sexual assault,her stepfather
dronename,1221,Female 15-19,Female 15-19,girl between 15 and 16 years old,female-15-19 crash-id-1221 sexual-assault Boyfriend,Initial counseling was given.,Boyfriend,her boyfriend,2013,Sexual assault,2013,Somewhere in Maldives,2013,girl between 15 and 16 years old,sexual assault,her boyfriend
dronename,1222,Female 35+,Female 35+,woman between 35 and 36 years old,"female-35+ crash-id-1222 sexual-assault Known, but Unnamed",Initial counseling was given.,"Known, but Unnamed",her neighbor,2013,Sexual assault,2013,Somewhere in Maldives,2013,woman between 35 and 36 years old,sexual assault,her neighbor
dronename,1223,Female 25-29,Female 25-29,woman between 25 and 26 years old,"female-25-29 crash-id-1223 sexual-assault Known, but Unnamed",Initial counseling was given.,"Known, but Unnamed",someone she knows,2013,Sexual assault,2013,Somewhere in Maldives,2013,woman between 25 and 26 years old,sexual assault,someone she knows
dronename,1227,Female 10-14,Female 10-14,girl between 12 and 13 years old,female-10-14 crash-id-1227 sexual-assault Relative,Initial counseling was given.,Relative,her stepfather,2013,Sexual assault,2013,Somewhere in Maldives,2013,girl between 12 and 13 years old,sexual assault,her stepfather
dronename,1231,Female 15-19,Female 15-19,girl between 14 and 15 years old,female-15-19 crash-id-1231 sexual-assault Family Member,Initial counseling was given.,Family Member,her father,2014,Sexual assault,2014,Somewhere in Maldives,2014,girl between 14 and 15 years old,sexual assault,her father
dronename,1234,Female 10-14,Female 10-14,girl between 13 and 14 years old,"female-10-14 crash-id-1234 sexual-assault Known, but Unnamed",Initial counseling was given.,"Known, but Unnamed",someone she knows,2014,Sexual assault,2014,Somewhere in Maldives,2014,girl between 13 and 14 years old,sexual assault,someone she knows
dronename,1235,Female 10-14,Female 10-14,girl between 12 and 13 years old,"female-10-14 crash-id-1235 sexual-assault Known, but Unnamed",Initial counseling was given.,"Known, but Unnamed",someone she knows,2014,Sexual assault,2014,Somewhere in Maldives,2014,girl between 12 and 13 years old,sexual assault,someone she knows
dronename,1236,Female 15-19,Female 15-19,girl between 15 and 16 years old,female-15-19 crash-id-1236 sexual-assault Boyfriend,Initial counseling was given.,Boyfriend,her boyfriend,2014,Sexual assault,2014,Somewhere in Maldives,2014,girl between 15 and 16 years old,sexual assault,her boyfriend
dronename,1237,Female 15-19,Female 15-19,girl between 15 and 16 years old,"female-15-19 crash-id-1237 sexual-assault Known, but Unnamed",Initial counseling was given.,"Known, but Unnamed",someone she knows,2014,Sexual assault,2014,Somewhere in Maldives,2014,girl between 15 and 16 years old,sexual assault,someone she knows
dronename,1239,Female 20-24,Female 20-24,woman between 20 and 21 years old,"female-20-24 crash-id-1239 sexual-assault Known, but Unnamed",Initial counseling was given.,"Known, but Unnamed",someone she knows,2014,Sexual assault,2014,Somewhere in Maldives,2014,woman between 20 and 21 years old,sexual assault,someone she knows
dronename,1241,Female 15-19,Female 15-19,girl between 15 and 16 years old,female-15-19 crash-id-1241 sexual-assault Boyfriend,Initial counseling was given.,Boyfriend,her boyfriend,2014,Sexual assault,2014,Somewhere in Maldives,2014,girl between 15 and 16 years old,sexual assault,her boyfriend
dronename,1243,Female 20-24,Female 20-24,woman between 20 and 21 years old,"female-20-24 crash-id-1243 sexual-assault Known, but Unnamed",Initial counseling was given.,"Known, but Unnamed",someone she knows,2014,Sexual assault,2014,Somewhere in Maldives,2014,woman between 20 and 21 years old,sexual assault,someone she knows
dronename,1244,Female 10-14,Female 10-14,girl between 12 and 13 years old,female-10-14 crash-id-1244 sexual-assault Relative,Initial counseling was given.,Relative,her stepfather,2014,Sexual assault,2014,Somewhere in Maldives,2014,girl between 12 and 13 years old,sexual assault,her stepfather
dronename,1245,Female 15-19,Female 15-19,girl between 16 and 17 years old,female-15-19 crash-id-1245 sexual-assault Relative,Initial counseling was given.,Relative,her brother-in-law,2014,Sexual assault,2014,Somewhere in Maldives,2014,girl between 16 and 17 years old,sexual assault,her brother-in-law
dronename,1248,Female 30-34,Female 30-34,woman between 31 and 32 years old,female-30-34 crash-id-1248 sexual-assault Family Member,Initial counseling was given.,Family Member,her relative,2015,Sexual assault,2015,Somewhere in Maldives,2015,woman between 31 and 32 years old,sexual assault,her relative
dronename,1249,Female 10-14,Female 10-14,girl between 13 and 14 years old,"female-10-14 crash-id-1249 sexual-assault Known, but Unnamed",Initial counseling was given.,"Known, but Unnamed",someone she knows,2015,Sexual assault,2015,Somewhere in Maldives,2015,girl between 13 and 14 years old,sexual assault,someone she knows
dronename,1250,Female 15-19,Female 15-19,girl between 16 and 17 years old,female-15-19 crash-id-1250 sexual-assault Boyfriend,Initial counseling was given.,Boyfriend,her boyfriend,2015,Sexual assault,2015,Somewhere in Maldives,2015,girl between 16 and 17 years old,sexual assault,her boyfriend
dronename,1251,Female 20-24,Female 20-24,woman between 22 and 23 years old,female-20-24 crash-id-1251 sexual-assault Family Member,Initial counseling was given.,Family Member,her father,2015,Sexual assault,2015,Somewhere in Maldives,2015,woman between 22 and 23 years old,sexual assault,her father
dronename,1253,Female 10-14,Female 10-14,girl between 10 and 11 years old,female-10-14 crash-id-1253 sexual-assault Relative,Initial counseling was given.,Relative,her grandfather,2015,Sexual assault,2015,Somewhere in Maldives,2015,girl between 10 and 11 years old,sexual assault,her grandfather
dronename,1255,Female 10-14,Female 10-14,girl between 12 and 13 years old,female-10-14 crash-id-1255 sexual-assault Relative,Initial counseling was given.,Relative,her uncle,2015,Sexual assault,2015,Somewhere in Maldives,2015,girl between 12 and 13 years old,sexual assault,her uncle
dronename,1257,Female 10-14,Female 10-14,girl between 12 and 13 years old,female-10-14 crash-id-1257 sexual-assault Relative,Initial counseling was given.,Relative,her uncle,2015,Sexual assault,2015,Somewhere in Maldives,2015,girl between 12 and 13 years old,sexual assault,her uncle
dronename,1265,Female 20-24,Female 20-24,woman between 20 and 21 years old,"female-20-24 crash-id-1265 sexual-assault Known, but Unnamed",Initial counseling was given.,"Known, but Unnamed",someone she knows,2012,Sexual assault,2012,Somewhere in Maldives,2012,woman between 20 and 21 years old,sexual assault,someone she knows
dronename,1267,Female 15-19,Female 15-19,girl between 15 and 16 years old,"female-15-19 crash-id-1267 sexual-assault Known, but Unnamed",Initial counseling was given.,"Known, but Unnamed",someone she knows,2012,Sexual assault,2012,Somewhere in Maldives,2012,girl between 15 and 16 years old,sexual assault,someone she knows
dronename,1268,Female 25-29,Female 25-29,woman between 24 and 25 years old,"female-25-29 crash-id-1268 sexual-assault Known, but Unnamed",Initial counseling was given.,"Known, but Unnamed",someone she knows,2012,Sexual assault,2012,Somewhere in Maldives,2012,woman between 24 and 25 years old,sexual assault,someone she knows
dronename,1269,Female 20-24,Female 20-24,woman between 20 and 21 years old,"female-20-24 crash-id-1269 sexual-assault Known, but Unnamed",Initial counseling was given.,"Known, but Unnamed",someone she knows,2012,Sexual assault,2012,Somewhere in Maldives,2012,woman between 20 and 21 years old,sexual assault,someone she knows
dronename,1270,Female 35+,Female 35+,woman between 47 and 48 years old,female-35+ crash-id-1270 sexual-assault Foreigner,Initial counseling was given.,Foreigner,a foreign worker,2012,Sexual assault,2012,Somewhere in Maldives,2012,woman between 47 and 48 years old,sexual assault,a foreign worker
dronename,1271,Female 30-34,Female 30-34,woman between 32 and 33 years old,female-30-34 crash-id-1271 sexual-assault Unknown Stranger,Initial counseling was given.,Unknown Stranger,an unknown stranger,2015,Sexual assault,2015,Somewhere in Maldives,2015,woman between 32 and 33 years old,sexual assault,an unknown stranger
dronename,1286,Female 30-34,Female 30-34,woman between 33 and 34 years old,female-30-34 crash-id-1286 suspected-abortion Not Stated,Initial counseling was given.,Not Stated,an unnamed person,2012,Suspected abortion,2012,Somewhere in Maldives,2012,woman between 33 and 34 years old,suspected abortion,an unnamed person
dronename,1287,Female 20-24,Female 20-24,woman between 19 and 20 years old,female-20-24 crash-id-1287 suspected-abortion Not Stated,Initial counseling was given.,Not Stated,an unnamed person,2012,Suspected abortion,2012,Somewhere in Maldives,2012,woman between 19 and 20 years old,suspected abortion,an unnamed person
dronename,1288,Female 15-19,Female 15-19,girl between 16 and 17 years old,female-15-19 crash-id-1288 suspected-abortion Not Stated,Initial counseling was given.,Not Stated,an unnamed person,2013,Suspected abortion,2013,Somewhere in Maldives,2013,girl between 16 and 17 years old,suspected abortion,an unnamed person
dronename,1289,Female 25-29,Female 25-29,woman between 27 and 28 years old,female-25-29 crash-id-1289 suspected-abortion Boyfriend,Initial counseling was given.,Boyfriend,her boyfriend,2013,Suspected abortion,2013,Somewhere in Maldives,2013,woman between 27 and 28 years old,suspected abortion,her boyfriend
dronename,1290,Female 10-14,Female 10-14,girl between 12 and 13 years old,female-10-14 crash-id-1290 suspected-abortion Relative,Initial counseling was given.,Relative,her cousin,2014,Suspected abortion,2014,Somewhere in Maldives,2014,girl between 12 and 13 years old,suspected abortion,her cousin
dronename,1291,Female 15-19,Female 15-19,girl between 15 and 16 years old,female-15-19 crash-id-1291 suspected-abortion Boyfriend,Initial counseling was given.,Boyfriend,her boyfriend,2014,Suspected abortion,2014,Somewhere in Maldives,2014,girl between 15 and 16 years old,suspected abortion,her boyfriend
dronename,1292,Female 15-19,Female 15-19,girl between 14 and 15 years old,female-15-19 crash-id-1292 suspected-abortion Self,Initial counseling was given.,Self,herself,2015,Suspected abortion,2015,Somewhere in Maldives,2015,girl between 14 and 15 years old,suspected abortion,herself
dronename,1293,Female 35+,Female 35+,woman between 38 and 39 years old,female-35+ crash-id-1293 suspected-abortion Not Stated,Initial counseling was given.,Not Stated,an unnamed person,2015,Suspected abortion,2015,Somewhere in Maldives,2015,woman between 38 and 39 years old,suspected abortion,an unnamed person
dronename,1294,Female 20-24,Female 20-24,woman between 22 and 23 years old,female-20-24 crash-id-1294 suspected-abortion Not Stated,Initial counseling was given.,Not Stated,an unnamed person,2015,Suspected abortion,2015,Somewhere in Maldives,2015,woman between 22 and 23 years old,suspected abortion,an unnamed person
dronename,1311,Female 30-34,Female 30-34,woman between 32 and 33 years old,female-30-34 crash-id-1311 suspected-rape Gang,Initial counseling was given.,Gang,a gang,2013,Suspected rape,2013,Somewhere in Maldives,2013,woman between 32 and 33 years old,suspected rape,a gang
dronename,1382,Female 0-4,Female 0-4,baby girl between 1 and 2 years old,female-0-4 crash-id-1382 suspected-sex-abuse Unknown Stranger,Initial counseling was given.,Unknown Stranger,an unknown stranger,2011,Suspected sex abuse,2011,Somewhere in Maldives,2011,baby girl between 1 and 2 years old,suspected sex abuse,an unknown stranger
dronename,1385,Female 10-14,Female 10-14,girl between 12 and 13 years old,female-10-14 crash-id-1385 suspected-sex-abuse Relative,Initial counseling was given.,Relative,her stepfather,2011,Suspected sex abuse,2011,Somewhere in Maldives,2011,girl between 12 and 13 years old,suspected sex abuse,her stepfather
dronename,1386,Female 15-19,Female 15-19,girl between 14 and 15 years old,female-15-19 crash-id-1386 suspected-sex-abuse Relative,Initial counseling was given.,Relative,her stepfather,2011,Suspected sex abuse,2011,Somewhere in Maldives,2011,girl between 14 and 15 years old,suspected sex abuse,her stepfather
dronename,1388,Female 15-19,Female 15-19,girl between 14 and 15 years old,"female-15-19 crash-id-1388 suspected-sex-abuse Known, but Unnamed",Initial counseling was given.,"Known, but Unnamed",someone she knows,2011,Suspected sex abuse,2011,Somewhere in Maldives,2011,girl between 14 and 15 years old,suspected sex abuse,someone she knows
dronename,1390,Female 30-34,Female 30-34,woman between 30 and 31 years old,female-30-34 crash-id-1390 suspected-sex-abuse Unknown Stranger,Initial counseling was given.,Unknown Stranger,an unknown stranger,2011,Suspected sex abuse,2011,Somewhere in Maldives,2011,woman between 30 and 31 years old,suspected sex abuse,an unknown stranger
dronename,1393,Female 5-9,Female 5-9,girl between 5 and 6 years old,female-5-9 crash-id-1393 suspected-sex-abuse Unknown Stranger,Initial counseling was given.,Unknown Stranger,an unknown stranger,2011,Suspected sex abuse,2011,Somewhere in Maldives,2011,girl between 5 and 6 years old,suspected sex abuse,an unknown stranger
dronename,1394,Female 0-4,Female 0-4,baby girl between 3 and 4 years old,female-0-4 crash-id-1394 suspected-sex-abuse Unknown Stranger,Initial counseling was given.,Unknown Stranger,an unknown stranger,2011,Suspected sex abuse,2011,Somewhere in Maldives,2011,baby girl between 3 and 4 years old,suspected sex abuse,an unknown stranger
dronename,1395,Female 15-19,Female 15-19,girl between 15 and 16 years old,female-15-19 crash-id-1395 suspected-sex-abuse Boyfriend,Initial counseling was given.,Boyfriend,her boyfriend,2011,Suspected sex abuse,2011,Somewhere in Maldives,2011,girl between 15 and 16 years old,suspected sex abuse,her boyfriend
dronename,1397,Female 10-14,Female 10-14,girl between 13 and 14 years old,female-10-14 crash-id-1397 suspected-sex-abuse Relative,Initial counseling was given.,Relative,her stepfather,2011,Suspected sex abuse,2011,Somewhere in Maldives,2011,girl between 13 and 14 years old,suspected sex abuse,her stepfather
dronename,1398,Female 10-14,Female 10-14,girl between 13 and 14 years old,female-10-14 crash-id-1398 suspected-sex-abuse Boyfriend,Initial counseling was given.,Boyfriend,her boyfriend,2011,Suspected sex abuse,2011,Somewhere in Maldives,2011,girl between 13 and 14 years old,suspected sex abuse,her boyfriend
dronename,1399,Female 15-19,Female 15-19,girl between 16 and 17 years old,female-15-19 crash-id-1399 suspected-sex-abuse Boyfriend,Initial counseling was given.,Boyfriend,her boyfriend,2011,Suspected sex abuse,2011,Somewhere in Maldives,2011,girl between 16 and 17 years old,suspected sex abuse,her boyfriend
dronename,1401,Female 5-9,Female 5-9,girl between 4 and 5 years old,female-5-9 crash-id-1401 suspected-sex-abuse Unknown Stranger,Initial counseling was given.,Unknown Stranger,an unknown stranger,2011,Suspected sex abuse,2011,Somewhere in Maldives,2011,girl between 4 and 5 years old,suspected sex abuse,an unknown stranger
dronename,1402,Female 15-19,Female 15-19,girl between 16 and 17 years old,female-15-19 crash-id-1402 suspected-sex-abuse Boyfriend,Initial counseling was given.,Boyfriend,her boyfriend,2011,Suspected sex abuse,2011,Somewhere in Maldives,2011,girl between 16 and 17 years old,suspected sex abuse,her boyfriend
dronename,1403,Female 10-14,Female 10-14,girl between 10 and 11 years old,female-10-14 crash-id-1403 suspected-sex-abuse Relative,Initial counseling was given.,Relative,her cousin,2011,Suspected sex abuse,2011,Somewhere in Maldives,2011,girl between 10 and 11 years old,suspected sex abuse,her cousin
dronename,1404,Female 15-19,Female 15-19,girl between 14 and 15 years old,female-15-19 crash-id-1404 suspected-sex-abuse Relative,Initial counseling was given.,Relative,her cousin,2011,Suspected sex abuse,2011,Somewhere in Maldives,2011,girl between 14 and 15 years old,suspected sex abuse,her cousin
dronename,1405,Female 15-19,Female 15-19,girl between 15 and 16 years old,"female-15-19 crash-id-1405 suspected-sex-abuse Known, but Unnamed",Initial counseling was given.,"Known, but Unnamed",someone she knows,2011,Suspected sex abuse,2011,Somewhere in Maldives,2011,girl between 15 and 16 years old,suspected sex abuse,someone she knows
dronename,1407,Female 15-19,Female 15-19,girl between 16 and 17 years old,female-15-19 crash-id-1407 suspected-sex-abuse Boyfriend,Initial counseling was given.,Boyfriend,her boyfriend,2011,Suspected sex abuse,2011,Somewhere in Maldives,2011,girl between 16 and 17 years old,suspected sex abuse,her boyfriend
dronename,1408,Female 10-14,Female 10-14,girl between 13 and 14 years old,female-10-14 crash-id-1408 suspected-sex-abuse Unknown Stranger,Initial counseling was given.,Unknown Stranger,an unknown stranger,2011,Suspected sex abuse,2011,Somewhere in Maldives,2011,girl between 13 and 14 years old,suspected sex abuse,an unknown stranger
dronename,1409,Female 15-19,Female 15-19,girl between 14 and 15 years old,"female-15-19 crash-id-1409 suspected-sex-abuse Known, but Unnamed",Initial counseling was given.,"Known, but Unnamed",someone she knows,2011,Suspected sex abuse,2011,Somewhere in Maldives,2011,girl between 14 and 15 years old,suspected sex abuse,someone she knows
dronename,1412,Female 0-4,Female 0-4,baby girl between 2 and 3 years old,female-0-4 crash-id-1412 suspected-sex-abuse Unknown Stranger,Initial counseling was given.,Unknown Stranger,an unknown stranger,2012,Suspected sex abuse,2012,Somewhere in Maldives,2012,baby girl between 2 and 3 years old,suspected sex abuse,an unknown stranger
dronename,1418,Female 15-19,Female 15-19,girl between 16 and 17 years old,female-15-19 crash-id-1418 suspected-sex-abuse Relative,Initial counseling was given.,Relative,her brother-in-law,2012,Suspected sex abuse,2012,Somewhere in Maldives,2012,girl between 16 and 17 years old,suspected sex abuse,her brother-in-law
dronename,1419,Female 15-19,Female 15-19,girl between 14 and 15 years old,"female-15-19 crash-id-1419 suspected-sex-abuse Known, but Unnamed",Initial counseling was given.,"Known, but Unnamed",someone she knows,2012,Suspected sex abuse,2012,Somewhere in Maldives,2012,girl between 14 and 15 years old,suspected sex abuse,someone she knows
dronename,1420,Female 10-14,Female 10-14,girl between 12 and 13 years old,"female-10-14 crash-id-1420 suspected-sex-abuse Known, but Unnamed",Initial counseling was given.,"Known, but Unnamed",her friend,2012,Suspected sex abuse,2012,Somewhere in Maldives,2012,girl between 12 and 13 years old,suspected sex abuse,her friend
dronename,1421,Female 15-19,Female 15-19,girl between 14 and 15 years old,"female-15-19 crash-id-1421 suspected-sex-abuse Known, but Unnamed",Initial counseling was given.,"Known, but Unnamed",her friend,2012,Suspected sex abuse,2012,Somewhere in Maldives,2012,girl between 14 and 15 years old,suspected sex abuse,her friend
dronename,1422,Female 10-14,Female 10-14,girl between 10 and 11 years old,female-10-14 crash-id-1422 suspected-sex-abuse Foreigner,Initial counseling was given.,Foreigner,a foreign worker,2012,Suspected sex abuse,2012,Somewhere in Maldives,2012,girl between 10 and 11 years old,suspected sex abuse,a foreign worker
dronename,1424,Female 0-4,Female 0-4,baby girl between 3 and 4 years old,female-0-4 crash-id-1424 suspected-sex-abuse Unknown Stranger,Initial counseling was given.,Unknown Stranger,an unknown stranger,2012,Suspected sex abuse,2012,Somewhere in Maldives,2012,baby girl between 3 and 4 years old,suspected sex abuse,an unknown stranger
dronename,1425,Female 10-14,Female 10-14,girl between 11 and 12 years old,female-10-14 crash-id-1425 suspected-sex-abuse Foreigner,Initial counseling was given.,Foreigner,a foreign worker,2012,Suspected sex abuse,2012,Somewhere in Maldives,2012,girl between 11 and 12 years old,suspected sex abuse,a foreign worker
dronename,1426,Female 10-14,Female 10-14,girl between 11 and 12 years old,female-10-14 crash-id-1426 suspected-sex-abuse Gang,Initial counseling was given.,Gang,a gang,2012,Suspected sex abuse,2012,Somewhere in Maldives,2012,girl between 11 and 12 years old,suspected sex abuse,a gang
dronename,1427,Female 15-19,Female 15-19,woman between 17 and 18 years old,female-15-19 crash-id-1427 suspected-sex-abuse Relative,Initial counseling was given.,Relative,her stepfather,2012,Suspected sex abuse,2012,Somewhere in Maldives,2012,woman between 17 and 18 years old,suspected sex abuse,her stepfather
dronename,1428,Female 20-24,Female 20-24,woman between 22 and 23 years old,female-20-24 crash-id-1428 suspected-sex-abuse Boyfriend,Initial counseling was given.,Boyfriend,her boyfriend,2012,Suspected sex abuse,2012,Somewhere in Maldives,2012,woman between 22 and 23 years old,suspected sex abuse,her boyfriend
dronename,1429,Female 10-14,Female 10-14,girl between 13 and 14 years old,female-10-14 crash-id-1429 suspected-sex-abuse Boyfriend,Initial counseling was given.,Boyfriend,her boyfriend,2012,Suspected sex abuse,2012,Somewhere in Maldives,2012,girl between 13 and 14 years old,suspected sex abuse,her boyfriend
dronename,1430,Female 35+,Female 35+,woman between 41 and 42 years old,female-35+ crash-id-1430 suspected-sex-abuse Unknown Stranger,Initial counseling was given.,Unknown Stranger,an unknown stranger,2012,Suspected sex abuse,2012,Somewhere in Maldives,2012,woman between 41 and 42 years old,suspected sex abuse,an unknown stranger
dronename,1432,Female 15-19,Female 15-19,girl between 16 and 17 years old,female-15-19 crash-id-1432 suspected-sex-abuse Boyfriend,Initial counseling was given.,Boyfriend,her boyfriend,2012,Suspected sex abuse,2012,Somewhere in Maldives,2012,girl between 16 and 17 years old,suspected sex abuse,her boyfriend
dronename,1434,Female 10-14,Female 10-14,girl between 12 and 13 years old,female-10-14 crash-id-1434 suspected-sex-abuse Family Member,Initial counseling was given.,Family Member,her father,2013,Suspected sex abuse,2013,Somewhere in Maldives,2013,girl between 12 and 13 years old,suspected sex abuse,her father
dronename,1438,Female 30-34,Female 30-34,woman between 30 and 31 years old,female-30-34 crash-id-1438 suspected-sex-abuse Not Stated,Initial counseling was given.,Not Stated,an unnamed person,2013,Suspected sex abuse,2013,Somewhere in Maldives,2013,woman between 30 and 31 years old,suspected sex abuse,an unnamed person
dronename,1450,Female 10-14,Female 10-14,girl between 12 and 13 years old,female-10-14 crash-id-1450 suspected-sex-abuse Relative,Initial counseling was given.,Relative,her cousin,2014,Suspected sex abuse,2014,Somewhere in Maldives,2014,girl between 12 and 13 years old,suspected sex abuse,her cousin
dronename,1451,Female 0-4,Female 0-4,baby girl between 2 and 3 years old,female-0-4 crash-id-1451 suspected-sex-abuse Unknown Stranger,Initial counseling was given.,Unknown Stranger,an unknown stranger,2014,Suspected sex abuse,2014,Somewhere in Maldives,2014,baby girl between 2 and 3 years old,suspected sex abuse,an unknown stranger
dronename,1454,Female 10-14,Female 10-14,girl between 10 and 11 years old,female-10-14 crash-id-1454 suspected-sex-abuse Family Member,Initial counseling was given.,Family Member,her father,2014,Suspected sex abuse,2014,Somewhere in Maldives,2014,girl between 10 and 11 years old,suspected sex abuse,her father
dronename,1455,Female 15-19,Female 15-19,girl between 14 and 15 years old,female-15-19 crash-id-1455 suspected-sex-abuse Gang,Initial counseling was given.,Gang,a gang,2014,Suspected sex abuse,2014,Somewhere in Maldives,2014,girl between 14 and 15 years old,suspected sex abuse,a gang
dronename,1456,Female 5-9,Female 5-9,girl between 4 and 5 years old,female-5-9 crash-id-1456 suspected-sex-abuse Unknown Stranger,Initial counseling was given.,Unknown Stranger,an unknown stranger,2014,Suspected sex abuse,2014,Somewhere in Maldives,2014,girl between 4 and 5 years old,suspected sex abuse,an unknown stranger
dronename,1457,Female 15-19,Female 15-19,girl between 16 and 17 years old,female-15-19 crash-id-1457 suspected-sex-abuse Boyfriend,Initial counseling was given.,Boyfriend,her boyfriend,2014,Suspected sex abuse,2014,Somewhere in Maldives,2014,girl between 16 and 17 years old,suspected sex abuse,her boyfriend
dronename,1458,Female 10-14,Female 10-14,girl between 13 and 14 years old,female-10-14 crash-id-1458 suspected-sex-abuse Boyfriend,Initial counseling was given.,Boyfriend,her boyfriend,2014,Suspected sex abuse,2014,Somewhere in Maldives,2014,girl between 13 and 14 years old,suspected sex abuse,her boyfriend
dronename,1459,Female 35+,Female 35+,woman between 64 and 65 years old,female-35+ crash-id-1459 suspected-sex-abuse Relative,Initial counseling was given.,Relative,her son-in-law,2014,Suspected sex abuse,2014,Somewhere in Maldives,2014,woman between 64 and 65 years old,suspected sex abuse,her son-in-law
dronename,1463,Female 5-9,Female 5-9,girl between 6 and 7 years old,female-5-9 crash-id-1463 suspected-sex-abuse Unknown Stranger,Initial counseling was given.,Unknown Stranger,an unknown stranger,2014,Suspected sex abuse,2014,Somewhere in Maldives,2014,girl between 6 and 7 years old,suspected sex abuse,an unknown stranger
dronename,1475,Female 30-34,Female 30-34,woman between 33 and 34 years old,female-30-34 crash-id-1475 suspected-sex-abuse Unknown Stranger,Initial counseling was given.,Unknown Stranger,an unknown stranger,2015,Suspected sex abuse,2015,Somewhere in Maldives,2015,woman between 33 and 34 years old,suspected sex abuse,an unknown stranger
dronename,1476,Female 5-9,Female 5-9,girl between 4 and 5 years old,female-5-9 crash-id-1476 suspected-sex-abuse Unknown Stranger,Initial counseling was given.,Unknown Stranger,an unknown stranger,2015,Suspected sex abuse,2015,Somewhere in Maldives,2015,girl between 4 and 5 years old,suspected sex abuse,an unknown stranger
dronename,1479,Female 10-14,Female 10-14,girl between 10 and 11 years old,female-10-14 crash-id-1479 suspected-sex-abuse Relative,Initial counseling was given.,Relative,her stepfather,2015,Suspected sex abuse,2015,Somewhere in Maldives,2015,girl between 10 and 11 years old,suspected sex abuse,her stepfather
dronename,1480,Female 10-14,Female 10-14,girl between 12 and 13 years old,female-10-14 crash-id-1480 suspected-sex-abuse Boyfriend,Initial counseling was given.,Boyfriend,her boyfriend,2015,Suspected sex abuse,2015,Somewhere in Maldives,2015,girl between 12 and 13 years old,suspected sex abuse,her boyfriend
dronename,1481,Female 10-14,Female 10-14,girl between 11 and 12 years old,"female-10-14 crash-id-1481 suspected-sex-abuse Known, but Unnamed",Initial counseling was given.,"Known, but Unnamed",someone she knows,2015,Suspected sex abuse,2015,Somewhere in Maldives,2015,girl between 11 and 12 years old,suspected sex abuse,someone she knows
dronename,1482,Female 10-14,Female 10-14,girl between 12 and 13 years old,female-10-14 crash-id-1482 suspected-sex-abuse Relative,Initial counseling was given.,Relative,her grandfather,2015,Suspected sex abuse,2015,Somewhere in Maldives,2015,girl between 12 and 13 years old,suspected sex abuse,her grandfather
dronename,1486,Female 10-14,Female 10-14,girl between 10 and 11 years old,female-10-14 crash-id-1486 suspected-sex-abuse Boyfriend,Initial counseling was given.,Boyfriend,her boyfriend,2015,Suspected sex abuse,2015,Somewhere in Maldives,2015,girl between 10 and 11 years old,suspected sex abuse,her boyfriend
dronename,1487,Female 10-14,Female 10-14,girl between 13 and 14 years old,"female-10-14 crash-id-1487 suspected-sex-abuse Known, but Unnamed",Initial counseling was given.,"Known, but Unnamed",someone she knows,2015,Suspected sex abuse,2015,Somewhere in Maldives,2015,girl between 13 and 14 years old,suspected sex abuse,someone she knows
dronename,1491,Female 5-9,Female 5-9,girl between 5 and 6 years old,female-5-9 crash-id-1491 suspected-sex-abuse Unknown Stranger,Initial counseling was given.,Unknown Stranger,an unknown stranger,2015,Suspected sex abuse,2015,Somewhere in Maldives,2015,girl between 5 and 6 years old,suspected sex abuse,an unknown stranger
dronename,1492,Female 0-4,Female 0-4,baby girl between 0 and 1 years old,female-0-4 crash-id-1492 suspected-sex-abuse Unknown Stranger,Initial counseling was given.,Unknown Stranger,an unknown stranger,2015,Suspected sex abuse,2015,Somewhere in Maldives,2015,baby girl between 0 and 1 years old,suspected sex abuse,an unknown stranger
dronename,1493,Female 10-14,Female 10-14,girl between 12 and 13 years old,female-10-14 crash-id-1493 suspected-sex-abuse Relative,Initial counseling was given.,Relative,her stepfather,2015,Suspected sex abuse,2015,Somewhere in Maldives,2015,girl between 12 and 13 years old,suspected sex abuse,her stepfather
dronename,1494,Female 15-19,Female 15-19,girl between 16 and 17 years old,female-15-19 crash-id-1494 suspected-sex-abuse Boyfriend,Initial counseling was given.,Boyfriend,her boyfriend,2015,Suspected sex abuse,2015,Somewhere in Maldives,2015,girl between 16 and 17 years old,suspected sex abuse,her boyfriend
dronename,1495,Female 15-19,Female 15-19,woman between 17 and 18 years old,female-15-19 crash-id-1495 suspected-sex-abuse Unknown Stranger,Initial counseling was given.,Unknown Stranger,medical staff,2015,Suspected sex abuse,2015,Somewhere in Maldives,2015,woman between 17 and 18 years old,suspected sex abuse,medical staff
dronename,1496,Female 15-19,Female 15-19,girl between 14 and 15 years old,female-15-19 crash-id-1496 suspected-sex-abuse Relative,Initial counseling was given.,Relative,her uncle,2015,Suspected sex abuse,2015,Somewhere in Maldives,2015,girl between 14 and 15 years old,suspected sex abuse,her uncle
dronename,1497,Female 10-14,Female 10-14,girl between 11 and 12 years old,female-10-14 crash-id-1497 suspected-sex-abuse Relative,Initial counseling was given.,Relative,her uncle,2015,Suspected sex abuse,2015,Somewhere in Maldives,2015,girl between 11 and 12 years old,suspected sex abuse,her uncle
dronename,1499,Female 15-19,Female 15-19,girl between 14 and 15 years old,female-15-19 crash-id-1499 suspected-sex-abuse Boyfriend,Initial counseling was given.,Boyfriend,her boyfriend,2015,Suspected sex abuse,2015,Somewhere in Maldives,2015,girl between 14 and 15 years old,suspected sex abuse,her boyfriend
dronename,1500,Female 10-14,Female 10-14,girl between 13 and 14 years old,female-10-14 crash-id-1500 suspected-sex-abuse Family Member,Initial counseling was given.,Family Member,her relative,2015,Suspected sex abuse,2015,Somewhere in Maldives,2015,girl between 13 and 14 years old,suspected sex abuse,her relative